Keyword,URL,Post_Title,Comment,Author_Name,Comment_Date,Country
Rugby AND PE OR Physical Education OR Teacher OR Sports Science,https://bhekisisa.org/health-news-south-africa/2023-03-09-will-a-shake-up-in-sports-science-change-sa-rugby/,Will a shake-up in sports science change SA rugby?,"By Zano Kunene -  March 9, 2023

Five counts of plagiarism, 10 retracted scientific papers and red flags about 74 more articles because of publication misconduct. 

Those were the ingredients of a huge shake-up in sports science that led to allegations about scientists downplaying how dangerous head injuries are for professional athletes over time. 

The man at the centre of it all is Paul McCrory. He served as the editor of the British Journal of Sports Medicine (BJSM) between 2001 and 2008, a period during which he published many opinion pieces, commentaries and editorials â€” including views on whether a blow to the head should mean keeping an athlete off the field.  

In one of the retracted pieces, from 2001, McCrory misquoted an extract from a 1952 article on concussion in sport, which he then used to argue that recommendations for when a player can return to sport are based on â€œan arbitrary exclusion periodâ€. 

The controversy dealt a blow to the reputation of the Concussion In Sports Group (CISG), which compiles best practice rules for dealing with head injuries in sport. McCrory is a founding member of this body and was lead author on their 2017 consensus statement (although the investigation into McCroryâ€™s publication misconduct does not directly link to the groupâ€™s recommendations). 

The CISGâ€™s official views guide rules on how to spot and deal with concussions set by FÃ©dÃ©ration Internationale de Football Association (Fifa) and World Rugby. 

McCrory resigned from the CISG in March 2022. He did not respond to Bhekisisaâ€™s requests for comment.

Controversy, criticism and chronic brain injury

Jon Patricios, a South African sports medicine physician who co-leads the CISGâ€™s scientific team, and who is the main author on the groupâ€™s newest consensus statement (to be released in May), says the claims made against McCrory havenâ€™t affected the rigour with which the CISG considered its views when putting together the set of recommendations.  

But there have been changes to the way the CISG is structured since the previous consensus statement was published in 2017 though. This was to ensure its review methods are robust and to address claims that sporting bodies have too much influence over the scientific process, as a group of 17 researchers and public health advocates wrote in a letter in the Journal of Law, Medicine and Ethics in 2021. 

Ethics experts appointed to review the CISGâ€™s processes flagged similar worries in an article published in the Journal of Medical Ethics on 3 March. 

Another crucial criticism in the 2021 letter is that the CISG has consistently underplayed growing evidence that repeated hits to the head can lead to a condition called chronic traumatic encephalopathy (CTE). This is an untreatable neurodegenerative brain disorder, which means brain cells die or stop working, getting worse over time. Symptoms of this type of brain condition include memory loss, impaired judgement and personality changes such as violent behaviour. 

However, there arenâ€™t any tests for CTE other than examining brain tissue after death, so the condition canâ€™t be diagnosed while someone is alive. In a case where a diagnosis of CTE is confirmed, a pathologist (a doctor who examines body tissues for signs of disease) would see an unusual build-up of a specific type of protein in the brain, which affects how well nerve cells work.

The CISG has been one of the main opponents of a causal link between repeated concussions and someone developing CTE, writing that â€œa cause-and-effect relationship has not yet been demonstrated between CTE and sport-related concussions or exposure to contact sportsâ€. Yet major public health agencies such as the United States Centres for Disease Control and the National Institute for Neurological Disorders and Strokes acknowledge that CTE is â€œcaused in part by repeated traumatic brain injuriesâ€ and the authors of the 2021 critique warned that the CISGâ€™s 2017 statement is incomplete. 

But in June last year, nine months after the 2021 open letter was published in the Journal of Medical Ethics, an influential study caused an upset. A group of researchers led by Chris Nowinksi of the Concussion Legacy Foundation concluded that repeated hits to the head do cause CTE. 

We unpack what this could mean for players and the future of contact sports such as rugby and soccer.

How does CTE work?

In a healthy brain, so-called tau proteins help to keep the structure of nerve cells intact. But when thereâ€™s a build-up of these proteins in someoneâ€™s brain, they tangle together and prevent nerve cells from communicating with each other. This can affect a personâ€™s ability to think and remember things, as often happens in Alzheimerâ€™s disease or dementia.

Although hard blows to the head could lead to abnormal tau protein build-up, other factors â€” such as genetics â€” could also contribute. Scientists also caution that there is little conclusive evidence on how common CTE is, how many head impacts can lead to the disease and that the connection between what a brain looks like and how it functions is not clear.

â€œNot everyone, even with the worst forms of repetitive impact [such as boxing], develops a neurodegenerative disease. And thatâ€™s what makes the understanding quite murky,â€ says Anthony Figaji, who heads up paediatric neurosurgery at the University of Cape Town. Heâ€™s also the National Research Foundationâ€™s chair on clinical neuroscience. 

Plus, some of the symptoms of CTE, such as mood disorders (for example, depression), behavioural difficulties like suicidal thoughts or substance abuse, and impaired thinking or memory are commonly found in the general population, too.

What can the sports world expect from the new CISG consensus statement?

Meanwhile, a large group of current and former rugby players in the United Kingdom are suing international rugby regulators. They claim the organisations didnâ€™t do enough to protect players from head injuries and concussions â€” and that they knew of the long-term risks to playersâ€™ health.

Among the group is the former captain of the Welsh national team, Ryan Jones. He told the British newspaper The Times in July  that he was diagnosed with early-onset dementia and that his â€œworld is falling apartâ€. 

For the first time, the CISG will now include discussions on what kind of head injury is bad enough for a player to retire from collision sports such as rugby in their upcoming consensus statement, Patricios says.

The potential long-term effects, including CTE, is also one of 10 topics for which the group is reviewing new evidence, he explains.  

More experts were brought in to evaluate research on the condition â€” including some of Nowinskiâ€™s co-authors â€” but Patricios wouldnâ€™t say whether the Nowinski study was included in the CISGâ€™s official review. 

Regardless, Patricios explains: â€œEverybody who was involved in the CISGâ€™s systematic review was aware of this paper. Itâ€™s played a significant role in our conversations.â€

Why is the Nowinski study such a bombshell?

Nowinski and his team showed, from analysing more than a 100 studies, that the existing research on CTE meets all nine of Bradford Hillâ€™s criteria for causation. This method is used in public health issues to help epidemiologists figure out if thereâ€™s a strong enough link between two occurrences to conclude that one thing directly leads to the other.

Itâ€™s a valuable method to use when there are environmental factors at play, the authors say. 

Take cancer and smoking, for example. Many things could cause cancer, such as viruses or genetics. But by using Hillâ€™s tests, researchers were able to show that smoking cigarettes causes lung cancer.

In the case of CTE, environmental factors would be collision sports such as rugby, soccer and ice hockey. 

The Nowinski paper claims that the methodology that the CISG uses to evaluate evidence (called the Oxford Levels of Evidence) doesnâ€™t catch environmental issues well enough because the method was designed for a clinical setting. 

Hillâ€™s approach has also been criticised, though, for being outdated, which brings into question whether itâ€™s still a good way to make decisions in public health. 

The Nowinski paper argues that diseases caused by environmental factors can be prevented, or made less dangerous. Their conclusion also poses a legal quagmire: children who participate in school sports are too young to consent to taking on the long-term risks of developing CTE. 

But Figaji cautions that the study might not apply to the general population because it relied on brains that were donated to a brain bank for a specific medical reason (and thus are already more likely to have had signs of CTE), leading to a potential bias.

What does the new information about CTE say about the future of rugby?

The Nowinski study recommends rule changes around tackling and heading in childrenâ€™s sports, as they are more prone to experiencing traumatic brain injuries. These include suggestions for limiting subconcussive blows (head bumps that donâ€™t qualify as causing concussion) by, for example, banning heading the ball in youth football until the age of 14.

It also calls for players at professional levels to be told about the risk of CTE so that they can participate knowing what they sign up for. 

But changing rules can be a prickly issue, as pushback from just under 79 000 people in an online petition showed when the English Rugby Football Union announced that from July, community rugby players will no longer be able to tackle people above their waist.

Patricios agrees that it would be important to educate people on the risk of CTE they may be taking on when they decide to play a sport like rugby, but he says itâ€™s hard to help people make informed decisions without information about exactly how many head impacts would result in the condition. 

He says: â€œUltimately, people can still make the decision whether to participate or not.â€",PrickyOneil,2023-03-09,Ireland
Rugby AND PE OR Physical Education OR Teacher OR Sports Science,https://www.reddit.com/r/Fitness/comments/10x4hre/my_journey_to_a_2x_bw_and_beyond_ring_pullup/,"My journey to a 2X BW (and beyond) Ring Pull-Up: (83.5kg/184lb BW, 6ft1, 32 years old)",Wow nice work!,humble40,2023-02-08,Ireland
Rugby AND PE OR Physical Education OR Teacher OR Sports Science,https://www.reddit.com/r/Fitness/comments/10x4hre/my_journey_to_a_2x_bw_and_beyond_ring_pullup/,"My journey to a 2X BW (and beyond) Ring Pull-Up: (83.5kg/184lb BW, 6ft1, 32 years old)","Masterclass post, thank you for your detailed documentation... and most of all, sharing it.",dos8s,2023-02-09,Ireland
Rugby AND PE OR Physical Education OR Teacher OR Sports Science,https://www.reddit.com/r/Fitness/comments/10x4hre/my_journey_to_a_2x_bw_and_beyond_ring_pullup/,"My journey to a 2X BW (and beyond) Ring Pull-Up: (83.5kg/184lb BW, 6ft1, 32 years old)","Awesome log! You look great, and it's an inspiration as a fellow skinny dude.

What did you mean by this:

>  I shifted away from the 3 sets of 8-12/15 reps, and moved towards going to just short of failure for 3 sets

I'm wondering because most of my lifting is 8-12 reps for 3 sets, but at a weight where it's ""to failure"" i.e. I wouldn't be able to get a rep more.

Also I'm kind of plateau'd on my pull-ups. I can get two sets of 10 unweighted pull-ups, and I do that twice a week. I also add some other pulling movements on those days like lat pull-downs and dumbbell rows. Any tips for increasing the pull-ups, since they haven't gone up in months?",0xF00DBABE,2023-02-08,Ireland
Rugby AND PE OR Physical Education OR Teacher OR Sports Science,https://www.reddit.com/r/Fitness/comments/10x4hre/my_journey_to_a_2x_bw_and_beyond_ring_pullup/,"My journey to a 2X BW (and beyond) Ring Pull-Up: (83.5kg/184lb BW, 6ft1, 32 years old)","Cool post, really interesting stuff.

Would you still recommend the Thenx protocol/app?",bartosaq,2023-02-08,Ireland
Rugby AND PE OR Physical Education OR Teacher OR Sports Science,https://www.reddit.com/r/Fitness/comments/10x4hre/my_journey_to_a_2x_bw_and_beyond_ring_pullup/,"My journey to a 2X BW (and beyond) Ring Pull-Up: (83.5kg/184lb BW, 6ft1, 32 years old)","I ainâ€™t reading all that, lol. Congrats though !",Sea-Experience470,2023-02-09,Ireland
Rugby AND PE OR Physical Education OR Teacher OR Sports Science,https://www.reddit.com/r/Fitness/comments/10x4hre/my_journey_to_a_2x_bw_and_beyond_ring_pullup/,"My journey to a 2X BW (and beyond) Ring Pull-Up: (83.5kg/184lb BW, 6ft1, 32 years old)",[deleted],[deleted],2023-02-08,Ireland
Rugby AND PE OR Physical Education OR Teacher OR Sports Science,https://www.reddit.com/r/Fitness/comments/10x4hre/my_journey_to_a_2x_bw_and_beyond_ring_pullup/,"My journey to a 2X BW (and beyond) Ring Pull-Up: (83.5kg/184lb BW, 6ft1, 32 years old)","Can you reupload your photos onto imgur? They are not reachable.

Incredible journey btw!",MobProtagonist,2023-02-08,Ireland
Rugby AND PE OR Physical Education OR Teacher OR Sports Science,https://www.reddit.com/r/Fitness/comments/10x4hre/my_journey_to_a_2x_bw_and_beyond_ring_pullup/,"My journey to a 2X BW (and beyond) Ring Pull-Up: (83.5kg/184lb BW, 6ft1, 32 years old)",Thank you for inspiring me with this one.,fumblingmatron95,2023-02-09,Ireland
Rugby AND PE OR Physical Education OR Teacher OR Sports Science,https://www.reddit.com/r/Fitness/comments/10x4hre/my_journey_to_a_2x_bw_and_beyond_ring_pullup/,"My journey to a 2X BW (and beyond) Ring Pull-Up: (83.5kg/184lb BW, 6ft1, 32 years old)","GOAT post.

Is there any chance that you're putting your body out of whack by not countering your back/ Bicep gains with chest/ tri/ shoulder (push) exercises?",Thatdugsrotten,2023-02-09,Ireland
Rugby AND PE OR Physical Education OR Teacher OR Sports Science,https://www.reddit.com/r/Fitness/comments/10x4hre/my_journey_to_a_2x_bw_and_beyond_ring_pullup/,"My journey to a 2X BW (and beyond) Ring Pull-Up: (83.5kg/184lb BW, 6ft1, 32 years old)",thank you for the write up.. I've been trying to pull ups but almost feel like giving up. It's just so hard to even do half of one..,tkloup,2023-02-20,Ireland
Rugby AND PE OR Physical Education OR Teacher OR Sports Science,https://www.reddit.com/r/Fitness/comments/10x4hre/my_journey_to_a_2x_bw_and_beyond_ring_pullup/,"My journey to a 2X BW (and beyond) Ring Pull-Up: (83.5kg/184lb BW, 6ft1, 32 years old)","How do you eat healthy at 3400 calories without it feeling like youâ€™re dreading the food? 
Some days I feel disgusted at the thought of eating food at sub 2000 calories",CopeBeast,2023-02-09,Ireland
Rugby AND PE OR Physical Education OR Teacher OR Sports Science,https://www.reddit.com/r/Fitness/comments/10x4hre/my_journey_to_a_2x_bw_and_beyond_ring_pullup/,"My journey to a 2X BW (and beyond) Ring Pull-Up: (83.5kg/184lb BW, 6ft1, 32 years old)",[deleted],[deleted],2023-02-09,Ireland
Rugby AND PE OR Physical Education OR Teacher OR Sports Science,https://www.reddit.com/r/Fitness/comments/10x4hre/my_journey_to_a_2x_bw_and_beyond_ring_pullup/,"My journey to a 2X BW (and beyond) Ring Pull-Up: (83.5kg/184lb BW, 6ft1, 32 years old)","Great job on getting a strength achievement that not a lot of people can lay claim to!

I am curious though and you are obviously wayyy past doing them, but have you ever went for a rep max on standard BW pullups, just the highest amount of strict pullups you can do in a single set?",Steelarm2001,2023-02-09,Ireland
Rugby AND PE OR Physical Education OR Teacher OR Sports Science,https://www.reddit.com/r/Fitness/comments/10x4hre/my_journey_to_a_2x_bw_and_beyond_ring_pullup/,"My journey to a 2X BW (and beyond) Ring Pull-Up: (83.5kg/184lb BW, 6ft1, 32 years old)",Youâ€™re a badass man. Great work!,Ok_Recording1443,2023-02-09,Ireland
Rugby AND PE OR Physical Education OR Teacher OR Sports Science,https://www.reddit.com/r/Fitness/comments/10x4hre/my_journey_to_a_2x_bw_and_beyond_ring_pullup/,"My journey to a 2X BW (and beyond) Ring Pull-Up: (83.5kg/184lb BW, 6ft1, 32 years old)","Great read, thank you for putting so much time into this! While I won't be doing it -- it's awesome to see!",RighteousRites,2023-02-09,Ireland
Rugby AND PE OR Physical Education OR Teacher OR Sports Science,https://www.reddit.com/r/Fitness/comments/10x4hre/my_journey_to_a_2x_bw_and_beyond_ring_pullup/,"My journey to a 2X BW (and beyond) Ring Pull-Up: (83.5kg/184lb BW, 6ft1, 32 years old)","Impressive journey, this really shows how discipline pays off. Thanks for sharing your updates over time and bringing us along your reasoning for programming changes.

Are you kneesovertoes exercises from their programming or watching YouTube/social media posts? Are these loaded for resistance? If not, consider that for improvement.",isawafit,2023-02-09,Ireland
Rugby AND PE OR Physical Education OR Teacher OR Sports Science,https://www.reddit.com/r/Fitness/comments/10x4hre/my_journey_to_a_2x_bw_and_beyond_ring_pullup/,"My journey to a 2X BW (and beyond) Ring Pull-Up: (83.5kg/184lb BW, 6ft1, 32 years old)","This is so legit! As a chinup enthusiast I'll definitely read this through a couple of times for some inspiration.

Those Thenx days look really fun and brutal. Might be worth experimenting with.",LennyTheRebel,2023-02-09,Ireland
Rugby AND PE OR Physical Education OR Teacher OR Sports Science,https://www.reddit.com/r/Fitness/comments/10x4hre/my_journey_to_a_2x_bw_and_beyond_ring_pullup/,"My journey to a 2X BW (and beyond) Ring Pull-Up: (83.5kg/184lb BW, 6ft1, 32 years old)","It looks like you do a little bit of rowing but have thought about doing it competitively?  Even if your cardio and legs aren't fully geared for it at the moment, your raw pull strength and core would probably make you pretty dang fast at shorter distances.",YouMayBeEatenByAGrue,2023-02-09,Ireland
Rugby AND PE OR Physical Education OR Teacher OR Sports Science,https://www.reddit.com/r/Fitness/comments/10x4hre/my_journey_to_a_2x_bw_and_beyond_ring_pullup/,"My journey to a 2X BW (and beyond) Ring Pull-Up: (83.5kg/184lb BW, 6ft1, 32 years old)","You are a hero.

I hope you never delete this post.",Kudbettin,2023-02-10,Ireland
Rugby AND PE OR Physical Education OR Teacher OR Sports Science,https://www.reddit.com/r/Fitness/comments/10x4hre/my_journey_to_a_2x_bw_and_beyond_ring_pullup/,"My journey to a 2X BW (and beyond) Ring Pull-Up: (83.5kg/184lb BW, 6ft1, 32 years old)",Fye,NefariousSerendipity,2023-02-10,Ireland
Rugby AND PE OR Physical Education OR Teacher OR Sports Science,https://www.reddit.com/r/Fitness/comments/10x4hre/my_journey_to_a_2x_bw_and_beyond_ring_pullup/,"My journey to a 2X BW (and beyond) Ring Pull-Up: (83.5kg/184lb BW, 6ft1, 32 years old)","This is incredibly impressive! Congrats

If you were to start over to try and get here again, how would you structure your training? Asking as someone who can't seem to increase their weighted pull-up past the 45lb mark.",dutch86,2023-02-25,Ireland
Rugby AND PE OR Physical Education OR Teacher OR Sports Science,https://www.reddit.com/r/Fitness/comments/10x4hre/my_journey_to_a_2x_bw_and_beyond_ring_pullup/,"My journey to a 2X BW (and beyond) Ring Pull-Up: (83.5kg/184lb BW, 6ft1, 32 years old)","Just got the chance to read all of this. First off, thank you for sharing your journey! This is incredibly helpful and inspiring. 

I guess I have a few questions for you.

I had honestly never heard of Coffinworm before, so I had to go read up on it a bit. I read that a part of the program is supplemental 5x5 work at 70%TM, but it looks like you only do weighted pull up work on Mondays. Did you try the 5x5 and just decided it was too much to recover from? Do you like the low volume approach better than high volume workouts like Thenx? And how conservative are you with your TM - how many reps do you expect to hit on your 100% TM set? 

My only weighted pull up work is on Tuesdays and just some greasing-the-groove work on a pull up bar at home. Iâ€™m considering adding some additional pull up volume on Fridays which is primarily a leg day, although I have chest-supported rows programmed afterward. Iâ€™m thinking this could be a good spot to do burnout sets with BW, maybe some other basic stuff I never would have considered without reading this post, like negatives or Australians.

Appreciate all the effort you put in to this post! This is like a Bible for someone like me, being similar in stature, and having a similar starting point. You got me motivated as hell to join you in the 2xBW club. Hopefully Iâ€™ll see you there soon!",income_potent,2023-03-23,Ireland
Rugby AND PE OR Physical Education OR Teacher OR Sports Science,https://www.reddit.com/r/Fitness/comments/10x4hre/my_journey_to_a_2x_bw_and_beyond_ring_pullup/,"My journey to a 2X BW (and beyond) Ring Pull-Up: (83.5kg/184lb BW, 6ft1, 32 years old)","Super impressive.  Thanks for your detailed write-up.  I am definitely saving this.

It seems that by far your greatest jump came from doing the Heria program.  Can you point to which program you followed of his?  Was it a paid program or a free one?  Link?

Thanks again for sharing your progress and journey.",searingmoment,2023-04-04,Ireland
Rugby AND PE OR Physical Education OR Teacher OR Sports Science,https://www.reddit.com/r/Fitness/comments/10x4hre/my_journey_to_a_2x_bw_and_beyond_ring_pullup/,"My journey to a 2X BW (and beyond) Ring Pull-Up: (83.5kg/184lb BW, 6ft1, 32 years old)",what does EMOM 6: 30s mean,carlitohernandez,2023-04-07,Ireland
Rugby AND PE OR Physical Education OR Teacher OR Sports Science,https://www.reddit.com/r/Hobbies/comments/zqwx6c/the_hobby_master_list_and_their_subreddit/,The Hobby Master List (and their subreddit),Whoever spent the time to make this deserves a medal. Take my upvote sir,BaronVonMoistMan,2022-12-22,Ireland
Rugby AND PE OR Physical Education OR Teacher OR Sports Science,https://www.reddit.com/r/Hobbies/comments/zqwx6c/the_hobby_master_list_and_their_subreddit/,The Hobby Master List (and their subreddit),"I think r/BobbinLace and r/Nalbinding would fit nicely here! (unless I missed them in the list)

Edit: also r/Tatting and r/Kendo",Dirrhr,2023-01-01,Ireland
Rugby AND PE OR Physical Education OR Teacher OR Sports Science,https://www.reddit.com/r/Hobbies/comments/zqwx6c/the_hobby_master_list_and_their_subreddit/,The Hobby Master List (and their subreddit),This...is fantastic,Fluid-Design3714,2022-12-21,Ireland
Rugby AND PE OR Physical Education OR Teacher OR Sports Science,https://www.reddit.com/r/Hobbies/comments/zqwx6c/the_hobby_master_list_and_their_subreddit/,The Hobby Master List (and their subreddit),you forgot r/gaming,ifhd_,2023-01-07,Ireland
Rugby AND PE OR Physical Education OR Teacher OR Sports Science,https://www.reddit.com/r/Hobbies/comments/zqwx6c/the_hobby_master_list_and_their_subreddit/,The Hobby Master List (and their subreddit),"For dancing, youâ€™ll have to list r/dance along with other focused subreddits like r/salsa, r/bachata, r/westcoastswing",OSUfirebird18,2022-12-21,Ireland
Rugby AND PE OR Physical Education OR Teacher OR Sports Science,https://www.reddit.com/r/Hobbies/comments/zqwx6c/the_hobby_master_list_and_their_subreddit/,The Hobby Master List (and their subreddit),"Awesome list! Btw though, as an Equestrian, we donâ€™t refer to it as equestrianism just equestrian. Itâ€™s also synonymous with horseback riding (however in my mind I always think horseback riding as more casual and equestrian as more competitive but ultimately they are the same)!",sasquatch-777,2022-12-21,Ireland
Rugby AND PE OR Physical Education OR Teacher OR Sports Science,https://www.reddit.com/r/Hobbies/comments/zqwx6c/the_hobby_master_list_and_their_subreddit/,The Hobby Master List (and their subreddit),I only skimmed this but if you're more of a tinkerer/techy person and want to get involved with things like electronics and arduinos there's quite a few subs for those as well (r/Arduino r/diyelectronics r/electricalengineering r/AskElectronics ) there's definitely more than those as well but those are the ones that come to mind for me,sboso99,2022-12-21,Ireland
Rugby AND PE OR Physical Education OR Teacher OR Sports Science,https://www.reddit.com/r/Hobbies/comments/zqwx6c/the_hobby_master_list_and_their_subreddit/,The Hobby Master List (and their subreddit),r/diamondpainting is a popular one,Pink_Llama,2022-12-21,Ireland
Rugby AND PE OR Physical Education OR Teacher OR Sports Science,https://www.reddit.com/r/Hobbies/comments/zqwx6c/the_hobby_master_list_and_their_subreddit/,The Hobby Master List (and their subreddit),"Thank you for compiling this list. It is truly helpful to others. When you have time, separate Bonsai from the Bodybuilding section.",theridian71,2022-12-24,Ireland
Rugby AND PE OR Physical Education OR Teacher OR Sports Science,https://www.reddit.com/r/Hobbies/comments/zqwx6c/the_hobby_master_list_and_their_subreddit/,The Hobby Master List (and their subreddit),"I'm impressed, the rather random subreddits of my hobby were all listed here.",ggnicetry,2022-12-25,Ireland
Rugby AND PE OR Physical Education OR Teacher OR Sports Science,https://www.reddit.com/r/Hobbies/comments/zqwx6c/the_hobby_master_list_and_their_subreddit/,The Hobby Master List (and their subreddit),Is there somewhere for gaa sports? r/hurling perhaps?,Shtonrr,2022-12-26,Ireland
Rugby AND PE OR Physical Education OR Teacher OR Sports Science,https://www.reddit.com/r/Hobbies/comments/zqwx6c/the_hobby_master_list_and_their_subreddit/,The Hobby Master List (and their subreddit),"Hi, I run some small subreddits for the hobby polo, would it be possible to add these? r/PoloUK and r/horsepolo",haughtycandy,2022-12-28,Ireland
Rugby AND PE OR Physical Education OR Teacher OR Sports Science,https://www.reddit.com/r/Hobbies/comments/zqwx6c/the_hobby_master_list_and_their_subreddit/,The Hobby Master List (and their subreddit),"In addition to hydroponics, I'd add r/aquaponics this involves the use of fish :)",jubza,2022-12-31,Ireland
Rugby AND PE OR Physical Education OR Teacher OR Sports Science,https://www.reddit.com/r/Hobbies/comments/zqwx6c/the_hobby_master_list_and_their_subreddit/,The Hobby Master List (and their subreddit),"Oh, this is wonderful! 

Where might clay modelling fall under this list?",ExpertProfessional9,2022-12-31,Ireland
Rugby AND PE OR Physical Education OR Teacher OR Sports Science,https://www.reddit.com/r/Hobbies/comments/zqwx6c/the_hobby_master_list_and_their_subreddit/,The Hobby Master List (and their subreddit),"for writing there is a huge lists of subs here:


https://old.reddit.com/r/WritingPrompts/wiki/links",pmags3000,2023-01-03,Ireland
Rugby AND PE OR Physical Education OR Teacher OR Sports Science,https://www.reddit.com/r/Hobbies/comments/zqwx6c/the_hobby_master_list_and_their_subreddit/,The Hobby Master List (and their subreddit),Should probably add /r/surfing under the surfing section,SatanLordOfDarkness,2023-01-04,Ireland
Rugby AND PE OR Physical Education OR Teacher OR Sports Science,https://www.reddit.com/r/Hobbies/comments/zqwx6c/the_hobby_master_list_and_their_subreddit/,The Hobby Master List (and their subreddit),Can we get a cooking for two sub?,TheYoungSquirrel,2023-01-08,Ireland
Rugby AND PE OR Physical Education OR Teacher OR Sports Science,https://www.reddit.com/r/Hobbies/comments/zqwx6c/the_hobby_master_list_and_their_subreddit/,The Hobby Master List (and their subreddit),This is a great list! Thanks OP. One hobby of mine I didnt see was r/handspinning. Sub about hand spinning your own yarn.,smol_bean_machine,2023-01-09,Ireland
Rugby AND PE OR Physical Education OR Teacher OR Sports Science,https://www.reddit.com/r/Hobbies/comments/zqwx6c/the_hobby_master_list_and_their_subreddit/,The Hobby Master List (and their subreddit),No HAM radio?,Themusicman1000,2023-01-15,Ireland
Rugby AND PE OR Physical Education OR Teacher OR Sports Science,https://www.reddit.com/r/Hobbies/comments/zqwx6c/the_hobby_master_list_and_their_subreddit/,The Hobby Master List (and their subreddit),"Missing drones, rc cars, etc",LottaCloudMoney,2023-01-15,Ireland
Rugby AND PE OR Physical Education OR Teacher OR Sports Science,https://www.reddit.com/r/Hobbies/comments/zqwx6c/the_hobby_master_list_and_their_subreddit/,The Hobby Master List (and their subreddit),The debate section has a darts subreddit link.,alexthomson666,2023-01-20,Ireland
Rugby AND PE OR Physical Education OR Teacher OR Sports Science,https://www.reddit.com/r/Hobbies/comments/zqwx6c/the_hobby_master_list_and_their_subreddit/,The Hobby Master List (and their subreddit),r/botany is spelled wrong in the list above!,calmossimo,2023-01-23,Ireland
Rugby AND PE OR Physical Education OR Teacher OR Sports Science,https://www.reddit.com/r/Hobbies/comments/zqwx6c/the_hobby_master_list_and_their_subreddit/,The Hobby Master List (and their subreddit),Another popular hobby is cubing or speedcubing r/cubers,Scrommy2IsEpic,2023-01-28,Ireland
Rugby AND PE OR Physical Education OR Teacher OR Sports Science,https://www.reddit.com/r/Hobbies/comments/zqwx6c/the_hobby_master_list_and_their_subreddit/,The Hobby Master List (and their subreddit),"That is such a great list! Saw the poi one and r/flowarts isn't listed here, just thought I'd chip in :)",ba-dum-ts,2023-02-06,Ireland
Rugby AND PE OR Physical Education OR Teacher OR Sports Science,https://www.reddit.com/r/Hobbies/comments/zqwx6c/the_hobby_master_list_and_their_subreddit/,The Hobby Master List (and their subreddit),Iâ€™m new in the Reddit and this help me so muchemote:free\_emotes\_pack:scream,AdSome6623,2023-02-24,Ireland
Rugby AND PE OR Physical Education OR Teacher OR Sports Science,https://www.reddit.com/r/Hobbies/comments/zqwx6c/the_hobby_master_list_and_their_subreddit/,The Hobby Master List (and their subreddit),Thank you for this!! I'm looking to expand my hobbies and it's nice to be able to quickly access subreddits for different things I find interesting :),unidentifiedcomet,2023-02-24,Ireland
Rugby AND PE OR Physical Education OR Teacher OR Sports Science,https://www.reddit.com/r/Hobbies/comments/zqwx6c/the_hobby_master_list_and_their_subreddit/,The Hobby Master List (and their subreddit),"Amazing list! I wanna suggest adding r/goldenventurefolding to origami!

Also wanted to add this suggestion

I believe this is a lot of work and it would be VERY VERY understandable not to do:

Idk how reddit wiki work but it would be really cool if this megathread was more categorized? Like lets say I wanted to learn idk a craft related hobby, but have no idea what other hobbies names are. It could look smth like this: (hypothetical) 

Crafts Related Hobbies:

Subreddit includes: General crafts, Needlefelting etc (listing all the craft related subreddits here as key words) 

Another page:

Crafts 

General Crafts:
inserts subreddit a
inserts subreddit b

3D Printing:

the construction of a three dimensional object in which material is controlled by a computer 

inserts subreddit a
inserts subreddit b 

Origami:

the art of paper folding

inserts subreddit a
inserts subreddit b

[end of example]

Oh wow! origami looks cool and now i have a brief idea for it ima check it out !

idk i know its a lot of work and some hobbies are hard to categorize but i think it makes it easier to find new hobbies if i know a bit (ex knowing i want a art hobby but not know names) which makes the megathread less scary?
ik i could just google search terms tho which is why i am hesitant on this suggestion",throwaway_ballon92,2023-03-02,Ireland
Rugby AND PE OR Physical Education OR Teacher OR Sports Science,https://www.reddit.com/r/Hobbies/comments/zqwx6c/the_hobby_master_list_and_their_subreddit/,The Hobby Master List (and their subreddit),I'm not sure where they can go but r/worldbuilding and r/conlangs can be added!,Duckstuff2008,2023-03-11,Ireland
Rugby AND PE OR Physical Education OR Teacher OR Sports Science,https://www.reddit.com/r/Hobbies/comments/zqwx6c/the_hobby_master_list_and_their_subreddit/,The Hobby Master List (and their subreddit),Is it just me or does this take forever to load?,Cicero-Phares,2023-03-11,Ireland
Rugby AND PE OR Physical Education OR Teacher OR Sports Science,https://www.reddit.com/r/Hobbies/comments/zqwx6c/the_hobby_master_list_and_their_subreddit/,The Hobby Master List (and their subreddit),"3 insights from this list. There is a TON of drunk/high versions of subreddits. Also, I had no idea mycology/mushrooms were so popular.",slouischarles,2022-12-26,Ireland
Rugby AND PE OR Physical Education OR Teacher OR Sports Science,https://www.reddit.com/r/collegeresults/comments/12gi4oc/south_asian_international_applies_cs_you_wont/,South Asian International applies CS... you won't BELIEVE what happens next,Congratss!,ProfessionalSteak963,2023-04-09,Ireland
Rugby AND PE OR Physical Education OR Teacher OR Sports Science,https://www.reddit.com/r/collegeresults/comments/12gi4oc/south_asian_international_applies_cs_you_wont/,South Asian International applies CS... you won't BELIEVE what happens next,"Imperial is insane, congrats!",Blackberry_Head,2023-04-09,Ireland
Rugby AND PE OR Physical Education OR Teacher OR Sports Science,https://www.reddit.com/r/collegeresults/comments/12gi4oc/south_asian_international_applies_cs_you_wont/,South Asian International applies CS... you won't BELIEVE what happens next,[deleted],[deleted],2023-04-09,Ireland
Rugby AND PE OR Physical Education OR Teacher OR Sports Science,https://www.reddit.com/r/myweatherstation/comments/123sydp/i_am_jeff_wetterlin_a_meteorologist_with/,"I am Jeff Wetterlin - a meteorologist with WeatherFlow-Tempest. With the help of one of our Science Officers, Marty Bell I will try to answer all your questions about the Tempest Weather System, personal weather stations in general, or any weather subject that comes up along the way. AMA!",Proof:https://imgur.com/a/E8c004u,dadzilla,2023-03-27,Ireland
Rugby AND PE OR Physical Education OR Teacher OR Sports Science,https://www.reddit.com/r/myweatherstation/comments/123sydp/i_am_jeff_wetterlin_a_meteorologist_with/,"I am Jeff Wetterlin - a meteorologist with WeatherFlow-Tempest. With the help of one of our Science Officers, Marty Bell I will try to answer all your questions about the Tempest Weather System, personal weather stations in general, or any weather subject that comes up along the way. AMA!","What is the maximum rate of rainfall per hour the Tempest can register? It seems to an untrained eye (my own) that heavy rainfalls would be much harder to record.

I am also curious about the max windspeed as well and what speed the Tempest was tested to.",Smittythepirate,2023-03-27,Ireland
Rugby AND PE OR Physical Education OR Teacher OR Sports Science,https://www.reddit.com/r/myweatherstation/comments/123sydp/i_am_jeff_wetterlin_a_meteorologist_with/,"I am Jeff Wetterlin - a meteorologist with WeatherFlow-Tempest. With the help of one of our Science Officers, Marty Bell I will try to answer all your questions about the Tempest Weather System, personal weather stations in general, or any weather subject that comes up along the way. AMA!",Any chance we may one day see a base station with an Ethernet port instead of wifi only?,M_Six2001,2023-03-27,Ireland
Rugby AND PE OR Physical Education OR Teacher OR Sports Science,https://www.reddit.com/r/myweatherstation/comments/123sydp/i_am_jeff_wetterlin_a_meteorologist_with/,"I am Jeff Wetterlin - a meteorologist with WeatherFlow-Tempest. With the help of one of our Science Officers, Marty Bell I will try to answer all your questions about the Tempest Weather System, personal weather stations in general, or any weather subject that comes up along the way. AMA!","Rumor has it that the Tempest is wildly inaccurate for rainfall detection as per the users of a popular and serious weather forum.
Care to comment?",boxofish,2023-03-28,Ireland
Rugby AND PE OR Physical Education OR Teacher OR Sports Science,https://www.reddit.com/r/myweatherstation/comments/123sydp/i_am_jeff_wetterlin_a_meteorologist_with/,"I am Jeff Wetterlin - a meteorologist with WeatherFlow-Tempest. With the help of one of our Science Officers, Marty Bell I will try to answer all your questions about the Tempest Weather System, personal weather stations in general, or any weather subject that comes up along the way. AMA!",Is there any way to keep my Tempest running through several cloudy days in a row? It always seems to run out of power and go offline when I need it the most.,virtualmusicarts,2023-03-27,Ireland
Rugby AND PE OR Physical Education OR Teacher OR Sports Science,https://www.reddit.com/r/myweatherstation/comments/123sydp/i_am_jeff_wetterlin_a_meteorologist_with/,"I am Jeff Wetterlin - a meteorologist with WeatherFlow-Tempest. With the help of one of our Science Officers, Marty Bell I will try to answer all your questions about the Tempest Weather System, personal weather stations in general, or any weather subject that comes up along the way. AMA!","\- gen 2 station with more stable rain / lighting sensors?

\- co2 / pm2.5 / pm10 / chemicals sensor?

\- extra sensors for temp / humidity in rooms? 

\- soil mosture sensor? temp sensor for water (pool, pipes)?",steve2555,2023-03-27,Ireland
Rugby AND PE OR Physical Education OR Teacher OR Sports Science,https://www.reddit.com/r/myweatherstation/comments/123sydp/i_am_jeff_wetterlin_a_meteorologist_with/,"I am Jeff Wetterlin - a meteorologist with WeatherFlow-Tempest. With the help of one of our Science Officers, Marty Bell I will try to answer all your questions about the Tempest Weather System, personal weather stations in general, or any weather subject that comes up along the way. AMA!","Is there any work being done on measuring snowfall, even if it is a new sensor? Seems like with haptics, AI, and the big data from the installed base you have might get to some ways of measuring this. Us Minnesotans need this!",dadzilla,2023-03-27,Ireland
Rugby AND PE OR Physical Education OR Teacher OR Sports Science,https://www.reddit.com/r/myweatherstation/comments/123sydp/i_am_jeff_wetterlin_a_meteorologist_with/,"I am Jeff Wetterlin - a meteorologist with WeatherFlow-Tempest. With the help of one of our Science Officers, Marty Bell I will try to answer all your questions about the Tempest Weather System, personal weather stations in general, or any weather subject that comes up along the way. AMA!","Hi all, thanks for doing this!

Over the years, what aspects of the non-commercial personal weather station market/community have been the most surprising? To tag onto that, what things do you see happening in the future that excite you the most?",PoorlyAgedSpecialFX,2023-03-28,Ireland
Rugby AND PE OR Physical Education OR Teacher OR Sports Science,https://www.reddit.com/r/myweatherstation/comments/123sydp/i_am_jeff_wetterlin_a_meteorologist_with/,"I am Jeff Wetterlin - a meteorologist with WeatherFlow-Tempest. With the help of one of our Science Officers, Marty Bell I will try to answer all your questions about the Tempest Weather System, personal weather stations in general, or any weather subject that comes up along the way. AMA!","Hi Jeff and Marty, thanks for answering our questions!

How does WeatherFlowâ€™s business model extend beyond hardware sales growth to support the ongoing OpEx of cloud services and forecasting computation? I see that a commercial usage license is $5/month/station, but noncommercial seems to be free forever. And yet I think the expectation of noncommercial users is still that the hardware is generally durable and functional for a long time (~10 years, despite a more limited warranty) and the services work throughout that period as well.

As a real-world example, I own a RainMachine internet-weather-based irrigation controller (r/rainmachine), with one of its original selling points being that they had designed it to be independent of first-party services so that it would continue to function even if the company went under. A few months ago they caused a bit of an uproar by beginning to charge a fee for remote access to usersâ€™ devices (the only first-party cloud service they provided), presumably because their business model wasnâ€™t working out and they needed more revenue.

So, if there should be no such concern with WeatherFlow, which I believe provides substantial value in their first-party cloud services, is that because you monetize the data we collect? Location and microclimate being inextricably linked, itâ€™s not like thereâ€™s any possibility of anonymization through aggregation, but I assume most users are pretty interested in giving away their data for free to the likes of WeatherUnderground and others anyway. So Iâ€™m not clear on how monetizable the data is, even if youâ€™d like to sell it. Do you have other nonobvious revenue streams?",floofcatfuzz,2023-03-28,Ireland
Rugby AND PE OR Physical Education OR Teacher OR Sports Science,https://www.reddit.com/r/myweatherstation/comments/123sydp/i_am_jeff_wetterlin_a_meteorologist_with/,"I am Jeff Wetterlin - a meteorologist with WeatherFlow-Tempest. With the help of one of our Science Officers, Marty Bell I will try to answer all your questions about the Tempest Weather System, personal weather stations in general, or any weather subject that comes up along the way. AMA!",What is the expected lifetime of a Weatherstation Tempest in consumer usage? How is it affected by climate extremes? What can we do to extend the lifetime and reliability?,dadzilla,2023-03-29,Ireland
Rugby AND PE OR Physical Education OR Teacher OR Sports Science,https://www.reddit.com/r/myweatherstation/comments/123sydp/i_am_jeff_wetterlin_a_meteorologist_with/,"I am Jeff Wetterlin - a meteorologist with WeatherFlow-Tempest. With the help of one of our Science Officers, Marty Bell I will try to answer all your questions about the Tempest Weather System, personal weather stations in general, or any weather subject that comes up along the way. AMA!",Why was this posted on monday if the questions won't be answered until thursday?,-my_reddit_username-,2023-03-28,Ireland
Rugby AND PE OR Physical Education OR Teacher OR Sports Science,https://www.reddit.com/r/myweatherstation/comments/123sydp/i_am_jeff_wetterlin_a_meteorologist_with/,"I am Jeff Wetterlin - a meteorologist with WeatherFlow-Tempest. With the help of one of our Science Officers, Marty Bell I will try to answer all your questions about the Tempest Weather System, personal weather stations in general, or any weather subject that comes up along the way. AMA!","Hi Jeff and Marty,

Fair warning, if it's I may use some of your answers for a research project I'm doing for one of my college research projects on personal weather stations, if that's okay! It's not for a pHd dissertation or anything, just a subject I'm interested in that I'm choosing to research for a class that has no relevant skills to what I'm going to school for. You don't have to answer all of them. Thanks!

1. Compared to Tempest to a Davis Vantage Vue Pro 2, does spending more money on a PWS mean more accurate results?

2. How does Tempest compare to NWS/Mesonet/Professional weather stations?

3. Will analog data collection points always be more accurate that digital? Or has the Tempest gotten pretty far advanced in its measurements (depending on site installation, etc)

4. What is the future for personal weather stations? (if you choose to answer one, this would be it)

5. I like that app, but it would be so much better if there were a real time radar of precipitation/cloud cover/lightning strikes. Any chance of this being implemented in so I don't have to use more than one app to get information?

Thank you.

Edit; I didn't realize I posted this originally as a reply. Oopsie.",enitsp,2023-03-28,Ireland
Rugby AND PE OR Physical Education OR Teacher OR Sports Science,https://www.reddit.com/r/myweatherstation/comments/123sydp/i_am_jeff_wetterlin_a_meteorologist_with/,"I am Jeff Wetterlin - a meteorologist with WeatherFlow-Tempest. With the help of one of our Science Officers, Marty Bell I will try to answer all your questions about the Tempest Weather System, personal weather stations in general, or any weather subject that comes up along the way. AMA!","What are the options for a nice looking indoors console that would display the Tempest data, forecast, etc. similar to what Davis and LaCrosse and others offer? I know there are many options to build something, but is there something off-the-shelf you offer or recommend?",dadzilla,2023-03-30,Ireland
Rugby AND PE OR Physical Education OR Teacher OR Sports Science,https://www.reddit.com/r/myweatherstation/comments/123sydp/i_am_jeff_wetterlin_a_meteorologist_with/,"I am Jeff Wetterlin - a meteorologist with WeatherFlow-Tempest. With the help of one of our Science Officers, Marty Bell I will try to answer all your questions about the Tempest Weather System, personal weather stations in general, or any weather subject that comes up along the way. AMA!",Thank you for such a great AMA! Your answers were super detailed and informative. Please continue to engage with the community here as there is a lot of interest in WeatherFlow.,dadzilla,2023-03-31,Ireland
Rugby AND PE OR Physical Education OR Teacher OR Sports Science,https://i.redd.it/75juj2ffzwqa1.jpg,DÃ©veloppement du Rugby,"Recherche de participants pour une Ã©tude !

>**La gÃ©nÃ©ration Z, moteur de la nouvelle stratÃ©gie de dÃ©veloppement**
>[https://www.surveycircle.com/V6B5JB/](https://www.surveycircle.com/V6B5JB/)

[#rugby]() [#sport]() [#gÃ©nÃ©ration]() [#dÃ©veloppement]() [#AmosSportBusineesSchool]() [#enquÃªte]() [#sondage]() [#questionnaire]() [#surveycircle]()",surveycircle_bot,2023-03-30,Ireland
Rugby AND PE OR Physical Education OR Teacher OR Sports Science,https://i.redd.it/cdlk35rnjdna1.jpg,The races of my dark and gritty science fiction neo-sportpunk world,There was a TV series about these guys on InsideMyMindTV when I was a child. Glad to see a more mature adaptation of the TV show,TheWinterGeist,2023-03-12,Ireland
Rugby AND PE OR Physical Education OR Teacher OR Sports Science,https://i.redd.it/cdlk35rnjdna1.jpg,The races of my dark and gritty science fiction neo-sportpunk world,Love the distinction that itâ€™s an American football only to go and call a soccer ball a soccer ball instead of a football ball ball foot ball soccer football ball ball soccer America ðŸ¦…,Downtown_Database792,2023-03-13,Ireland
Rugby AND PE OR Physical Education OR Teacher OR Sports Science,https://www.reddit.com/r/montgomery/comments/10w5mjf/making_a_list_of_clubs_activities_and_class/,"Making a list of clubs, activities, and class locations looking for suggestions to add.",This is cool. Mods need to pin this post.,Intelligent_Fig_4852,2023-02-07,Ireland
Rugby AND PE OR Physical Education OR Teacher OR Sports Science,https://www.reddit.com/r/montgomery/comments/10w5mjf/making_a_list_of_clubs_activities_and_class/,"Making a list of clubs, activities, and class locations looking for suggestions to add.","River Region Disc Golf Club (fb://group/1622023888011059?ref=share&mibextid=NSMWBT) is the local disc golf club. We have two main courses in the area at Lagoon Park and AUM, and we have weekly events that we post about on Facebook. Happy to provide more information.",benmseiss11111,2023-02-07,Ireland
Rugby AND PE OR Physical Education OR Teacher OR Sports Science,https://www.reddit.com/r/montgomery/comments/10w5mjf/making_a_list_of_clubs_activities_and_class/,"Making a list of clubs, activities, and class locations looking for suggestions to add.",Did the Howlers ever get that writing group started? Iâ€™m in a desperate search for a local group. Discord just ainâ€™t doing it.,thedistractor,2023-02-07,Ireland
Rugby AND PE OR Physical Education OR Teacher OR Sports Science,https://threadreaderapp.com/thread/1539513368968515584.html,"Yesterday, @WorldRugby announced some changes to the management of players after concussion. Hereâ€™s a thread on some of the process & science behind it.","I like it. It conserves the sport while protecting the player without any stupidly rigid rules.

Reality is a messy landscape of data and interaction and blanket rules often defeat their own purpose.",almostrainman,2022-06-22,Ireland
Rugby AND PE OR Physical Education OR Teacher OR Sports Science,https://www.reddit.com/r/AskHSteacher/comments/115hqqo/my_study_choice_are_medicine_pharmacy_and_teaching/,"My study choice are medicine, pharmacy andâ€¦ teaching","You can always aim for teaching medicine or pharmacy.

Teaching kids has a lot of downsides and a lot of benefits. I love it, but it's not for everyone.

However, if you have a passion for a particular area *and* teaching, you can minimize a lot of the downsides by aiming specifically for teaching in the area you like.",SadieTarHeel,2023-02-18,Ireland
Rugby AND PE OR Physical Education OR Teacher OR Sports Science,https://www.reddit.com/r/AskHSteacher/comments/115hqqo/my_study_choice_are_medicine_pharmacy_and_teaching/,"My study choice are medicine, pharmacy andâ€¦ teaching","Teaching is only a little bit of helping kids learn about subject.  You also teach life and personal management skills. There is paperwork. There is planning. There is grading. Only a small percentage is seeing kids have the ""ah ha!"" moment of understanding something new. I hold on to those dearly, because that is really the only joyous part of my day. It doesn't happen every day. There are other benefits to teaching, but they don't bring me joy.",blatterbeast,2023-02-18,Ireland
Rugby AND PE OR Physical Education OR Teacher OR Sports Science,https://www.reddit.com/r/AskHSteacher/comments/115hqqo/my_study_choice_are_medicine_pharmacy_and_teaching/,"My study choice are medicine, pharmacy andâ€¦ teaching","Ahh yes the good old stigma of coaching sport as well, thereâ€™s a few male teachers in my dual medium Afrikaans school that donâ€™t coach rugby, one of which is actually a drama teacher as well who does robotics, the other is a pure math teacher who helps with the dagbestuur events. So I donâ€™t think youâ€™ll have to coach any sports. And yes the Education department is lacking on so many fronts",Careless_Guidance_27,2023-02-18,Ireland
